,Points,Score,Weigh
Mean,3.5965625000000006,3.2172499999999995,17.848750000000003
Median,3.6950000000000003,3.325,17.71
Mode,"[3.07, 3.92]",3.44,"[17.02, 18.9]"
Standard_Deviation,0.5346787360709716,0.9784574429896967,1.7869432360968431
Variance,0.28588135080645166,0.9573789677419356,3.193166129032258
Range,2.17,3.9110000000000005,8.399999999999999
